transaction_id,product_id,price,discount_percent,refund_flag,salesperson_id,region,profit_margin
0,39,4824.0,12.385018596975366,0,13,East,382.1797303976285
1,29,3095.0,-1.3845634904980364,0,6,North,914.5523889821518
2,15,1419.0,11.237488984186054,0,3,East,127.77856557511592
3,43,505.0,21.25227383908135,0,14,North,93.60956496583401
4,8,967.0,16.626345255191655,0,14,South,150.4971411929946
5,21,4670.0,12.110065803534843,1,8,South,1112.799869769413
6,39,503.0,4.7030393476502805,0,13,North,90.35548149428732
7,19,1145.0,12.38776858062823,1,6,East,184.2201157086227
8,23,617.0,13.698749699391294,1,13,South,52.64324190436703
9,11,3428.0,8.731266595862081,0,11,West,286.4547353845032
10,11,3051.0,11.583710294022188,0,13,South,752.9549798900019
11,24,4789.0,17.548312291980203,0,1,East,521.0569723492314
12,36,1346.0,5.713627901291371,0,5,West,181.50662061981217
13,40,3262.0,4.708501975204365,0,8,East,745.8810443191957
14,24,1641.0,13.463496629971063,0,3,North,191.2909601706375
15,3,2310.0,12.287713180990401,0,12,West,583.5639333736336
16,22,1223.0,15.144191477064059,0,6,East,243.3422031260542
17,2,724.0,27.84896905951885,0,5,West,125.78917287217266
18,24,4708.0,7.1612246841290315,0,6,East,1181.1075293194588
19,44,2548.0,12.160963257327024,1,10,West,139.6631580734293
20,30,4915.0,4.289367283519132,0,1,East,537.5260193712294
21,38,2073.0,8.748406441335032,0,7,North,314.5032529725077
22,2,2328.0,27.51399615483202,0,9,West,217.40404056977644
23,21,2417.0,8.19742891638055,0,2,West,523.6002875507914
24,33,4734.0,22.340260911149134,1,10,West,1028.667472526512
25,12,2526.0,0.5390787558816656,0,5,West,391.7873411307613
26,22,4244.0,7.262548215005946,1,10,North,533.4283161165129
27,44,1401.0,5.311100830650448,0,4,West,385.2258254444922
28,25,2539.0,6.498255962710233,0,6,South,382.72141511921825
29,49,509.0,6.785008882595608,0,6,North,81.73221757104223
30,27,760.0,3.367896565705034,0,11,South,101.28346629495138
31,42,2173.0,13.763510742863136,1,2,West,519.8009667168213
32,28,2719.0,7.264523513064493,0,2,East,484.7260077149641
33,16,2560.0,10.817866677943274,0,4,South,549.1762068040214
34,15,4213.0,7.825871190448776,0,1,West,982.2862573608595
35,47,2119.0,6.545597938568951,0,9,South,268.2557491201144
36,44,820.0,18.361396180434248,0,14,West,106.05453693760674
37,3,1842.0,14.61466091104704,0,14,West,412.2585633111398
38,37,2876.0,0.6589980002242757,0,13,West,402.3117838137474
39,7,2665.6000000000004,0.12931275832056555,0,7,East,826.8773238128847
40,21,3324.0,15.213044178182434,0,12,South,803.9199175278316
41,9,1995.2,7.40073304225623,0,7,North,475.28580170670466
42,39,3458.0,1.7545883303288867,0,3,North,799.7537954801962
43,18,2538.0,15.228675662701704,1,11,North,540.6157648067216
44,4,3990.0,10.845620250495452,0,12,North,929.3693705674262
45,25,4177.0,11.257855424161598,0,3,West,551.4298852664821
46,14,1618.0,14.047696360029537,0,1,South,87.35854283805149
47,9,1683.2,3.4501142085880323,0,3,South,305.6643084069422
48,26,4527.0,1.842495893079179,0,3,East,970.6536573498036
49,2,735.0,32.90477147451601,0,4,South,98.1053442589962
50,20,2469.0,2.8141661962885376,0,4,South,569.2635965909659
51,28,4929.0,3.88881101462218,0,3,South,659.6510710240852
52,47,2408.0,4.887823102271169,0,10,East,477.95388112643553
53,7,700.0,20.39972961845261,0,12,North,67.28557707191503
54,44,4030.0,12.466916502057613,0,8,South,837.2449342449933
55,8,3135.0,14.8270398721769,0,8,East,497.78418003790364
56,47,2070.0,10.980837727893643,0,13,East,186.14202470221798
57,35,3060.0,6.990563943993832,0,13,West,350.00571340059633
58,14,3891.0,13.15645641630084,0,1,East,801.3567196552576
59,17,3465.0,2.2169201460159824,0,7,North,578.1945979579652
60,36,4143.0,4.5235827395175265,0,11,South,411.41223988871536
61,40,4350.0,13.664875896307404,0,2,East,1095.9444710307205
62,4,1372.0,3.2137238458660997,0,1,North,303.8003920905922
63,2,1752.0,24.054592654190635,0,3,East,460.93411230318225
64,6,1814.0,9.28243827822294,0,4,East,257.99361338636436
65,42,3398.0,7.3566899833141886,0,13,East,531.3072886673474
66,4,577.0,0.24440762575571484,0,6,East,157.9929470394137
67,29,3121.0,6.855355544056537,0,10,East,526.9376476368726
68,18,4727.0,5.875158115337572,0,14,North,1009.1847686874792
69,26,1100.0,10.807199316438494,0,5,South,110.90905467667102
70,44,1565.0,10.552452693497344,0,14,South,226.33067717926832
71,34,2636.0,11.889807299684371,1,4,South,187.80992573586028
72,10,2949.0,6.620068635128012,0,8,South,279.49433468731553
73,36,2843.0,12.61388975232946,0,11,North,124.80530790065755
74,14,2363.0,2.2199663361315847,0,12,West,138.2079994343159
75,31,1818.0,0.8904763367382296,0,14,West,530.3107769438001
76,48,4097.0,-1.67786362083314,0,4,North,460.6828496942978
77,15,4262.0,7.503513802140014,0,13,North,850.8359219286128
78,8,2690.0,6.233508878307212,0,10,East,655.2351272867688
79,14,1492.0,13.946578059273,0,12,East,240.94644159873178
80,23,3212.0,6.756687064755649,0,13,East,264.4147559554907
81,40,2692.0,11.366881739721336,0,2,South,553.6222770816489
82,21,1748.0,14.066482882915386,0,3,East,300.517987742727
83,16,3554.0,6.568404621754421,0,6,West,773.0681080870496
84,45,4533.0,11.490261050535878,0,8,South,972.6913715932958
85,18,2497.0,15.009637744775974,0,8,East,623.616716778343
86,47,4187.0,3.8091861259721638,0,11,South,778.8833409843463
87,24,2651.0,10.124261691223222,0,9,West,322.62931720939434
88,26,4518.0,6.589828084003428,0,7,East,895.1877113082721
89,25,3610.0,4.127550587534308,0,13,West,232.26801656191853
90,45,2470.0,2.3177412975488556,0,2,West,661.9368360168335
91,41,697.0,4.046757139106497,0,8,West,53.40003422756493
92,29,3126.0,10.300145028760062,0,7,East,370.02013423662123
93,15,1702.0,1.9457777221912664,0,8,North,423.79001476732503
94,45,2535.0,7.246364879556814,0,12,East,468.6810757283337
95,1,977.0,29.065972034264487,0,3,West,124.60045274688306
96,25,1754.0,12.24505481709468,0,7,East,259.14170159915227
97,7,1137.6000000000001,7.347461885309215,0,10,West,347.3465809882776
98,9,735.2,18.44845206679362,1,13,North,101.17774973604669
99,24,2704.0,19.465182069558303,0,9,South,582.3337280821493
100,1,3097.0,25.13061215769863,0,3,North,200.4878947063183
101,44,1620.0,-2.342714579421543,0,14,North,404.87122482651506
102,8,3568.0,14.432240985081298,0,10,South,799.5558265231354
103,24,1450.0,-1.4698817001679276,0,6,East,140.443346233597
104,11,2836.0,17.38073055360033,0,2,South,369.23847931887724
105,17,2743.0,15.417924503711495,0,2,East,211.99775778268122
106,8,3145.0,18.871062520690103,0,5,East,578.301261013546
107,35,2357.0,11.301327791838634,0,5,West,384.3346039862061
108,35,2365.0,8.19307116409081,0,13,West,453.4205850608014
109,33,3412.0,7.74949433154888,0,7,South,311.99433083339795
110,5,2682.4,7.268699144845515,0,12,North,320.0583467780496
111,42,3728.0,14.905343268373514,0,2,South,191.52723038792095
112,39,4219.0,13.56135744752939,0,11,East,475.97501859234114
113,41,3728.0,10.601128167171066,0,14,West,633.0173414315655
114,28,2871.0,6.389093460365139,1,13,South,710.8183032433059
115,7,2712.8,23.146063156501363,0,7,South,564.828589292387
116,9,3404.8,14.56187306981435,0,5,West,577.6144432029574
117,8,4725.0,2.0114404011329556,0,14,West,1334.7248400749304
118,12,594.0,7.418719920314365,0,6,West,126.38077260398057
119,34,3174.0,14.658880487043527,0,8,East,765.3272875379736
120,33,2455.0,6.00230539383658,0,10,West,419.7533965797553
121,48,1293.0,11.757739794129444,1,13,North,130.89928075166534
122,23,2334.0,14.753981501680741,0,14,South,125.758653013147
123,24,2616.0,-6.942140413281965,0,12,West,647.7052252918754
124,37,4606.0,9.459811501053748,0,4,West,334.98095356409306
125,35,3825.0,9.65604576782561,0,13,East,434.3545035115479
126,44,3419.0,7.939637721581052,0,7,East,576.3710636887134
127,40,3097.0,11.508475674730205,0,6,South,523.7366823911314
128,22,3705.0,13.287598037479373,0,10,North,643.0073069794622
129,27,1314.0,10.710254721623047,0,2,South,107.4288463301429
130,35,845.0,8.13086302975284,0,8,West,112.51169729383412
131,1,2849.0,28.163106498921348,0,10,North,505.43117597752314
132,35,862.0,10.245267046371785,0,9,North,226.2680604675387
133,37,2943.0,8.846497934022608,0,5,North,622.1268533779861
134,47,2765.0,3.438603073305404,0,10,North,749.3162925002752
135,14,2688.0,2.1867260736696084,0,4,South,632.4669901878908
136,3,3505.0,3.343851036429648,0,6,East,670.5442951357178
137,1,3781.0,26.391645306101076,0,8,East,328.347198614255
138,5,1187.2,9.604606261968241,0,11,West,290.6576896822271
139,26,2139.0,2.598579508962684,0,3,East,428.8606195553501
140,14,1327.0,13.229589128969055,0,10,East,230.9994479288693
141,39,3230.0,16.871547565895476,0,11,East,463.0272161129821
142,27,4031.0,7.007531916418321,0,11,East,682.8471270428905
143,9,3960.8,1.2950907131581302,0,1,West,652.9391320859052
144,15,3435.0,6.454368075490437,0,4,South,577.8405123022783
145,15,4376.0,14.272303133973471,0,4,North,372.8521807321772
146,26,626.0,12.74264929267387,1,1,East,137.26435793806186
147,42,3677.0,5.387836569942605,0,9,South,335.51882508449546
148,13,3556.0,17.60586068882371,0,3,East,208.7332189525801
149,32,1103.0,16.741400329631993,0,5,East,146.07291844991818
150,39,3949.0,6.334969683616794,0,6,North,793.683765897506
151,49,4646.0,6.283549985175166,0,8,North,694.1653289451781
152,32,4033.0,7.035860313102552,0,6,North,446.86686280208966
153,4,3867.0,7.46333612305727,0,3,East,678.2585749069208
154,30,3868.0,14.75269003964222,0,6,East,450.91671873937935
155,37,4297.0,12.12664530238297,0,1,East,1069.4038902369532
156,23,2292.0,14.385393846752939,0,4,North,550.7379270633068
157,39,3361.0,13.367825715933499,0,6,West,511.27530252313227
158,45,3976.0,18.57263534096866,0,7,South,427.26297263719107
159,15,3917.0,4.703072280954298,0,11,West,874.5274373774363
160,43,2145.0,11.90179265191958,0,13,East,111.82949980137104
161,29,1705.0,-0.8691062811734862,0,11,East,290.1200148222234
162,36,3530.0,3.4152221295157084,0,10,West,457.14096483818884
163,13,3372.0,9.625733070325765,1,3,East,853.6859454256473
164,32,3572.0,12.09103306377268,0,9,South,166.42811633600655
165,7,1883.2,9.490921289852153,1,12,East,400.98377824670865
166,22,4521.0,7.164037905936609,0,12,South,987.0180351947774
167,28,3208.0,8.052910612534811,0,7,West,505.14298924977413
168,2,4002.0,31.847204882120522,0,14,West,237.43925722989343
169,42,1832.0,8.079839110599297,0,1,East,493.5996054045262
170,45,701.0,18.74620811021764,0,2,South,102.24272546543538
171,6,4007.0,13.970085367705668,0,1,East,701.669507464666
172,28,4712.0,12.287686730741152,0,11,North,451.1275165589689
173,28,1074.0,4.032015448395024,0,9,North,176.11971191088085
174,44,1036.0,14.676190806998134,0,9,North,139.0349068228301
175,44,2125.0,7.5311471112575035,0,7,North,135.04004811085733
176,20,2622.0,4.027801209971501,1,10,East,192.60479355701463
177,30,885.0,12.564218065396886,0,3,North,200.70078893712358
178,11,3781.0,3.0602696971673016,1,13,South,403.01705040419665
179,28,974.0,6.188792689352089,0,5,West,90.22043241790313
180,25,917.0,9.949420442655443,0,4,West,145.52259222446028
181,39,4100.0,21.092107120573637,0,7,North,783.5283974052487
182,33,1454.0,6.565421221037562,0,14,North,88.96612564566774
183,1,1705.0,22.70891740349712,0,9,North,305.58904200845717
184,27,4620.0,13.661725272108225,0,12,East,318.31891141028535
185,13,2490.0,3.8085215581197707,0,2,West,141.59097450340923
186,41,4072.0,12.214031905104576,0,13,North,225.86745226062615
187,3,4880.0,16.02963403808294,1,8,South,1059.4374912974974
188,39,4658.0,8.464525576444494,0,9,North,338.9366001497718
189,6,3213.0,15.130771406984328,0,10,West,167.12264622312333
190,8,2703.0,11.457249616059032,0,14,North,381.6731312999425
191,27,3620.0,6.346590180981096,0,10,West,884.8506137093101
192,9,1172.8,9.010976570517467,0,9,North,154.20152739770097
193,37,3932.0,8.10121330009879,0,14,South,561.6334642779839
194,33,1188.0,9.56180871091761,0,10,North,64.44353488684806
195,42,4743.0,10.763589496099145,0,14,South,686.8034361042558
196,44,4201.0,12.940999674859285,0,7,South,711.00052866383
197,24,841.0,12.543341247935679,0,9,North,141.75255815990124
198,15,2224.0,-2.15856785631074,0,9,South,302.4192328871931
199,32,4922.0,9.513459056139867,1,14,East,574.013659469217
200,32,2292.0,2.4528904329661874,0,3,North,171.3857196203853
201,24,2259.0,8.621363737663371,0,4,North,292.50242216293697
202,41,3712.0,9.3810520609454,0,2,South,251.85819596546685
203,49,1489.0,14.880741790423546,0,10,South,306.2721486889672
204,49,2762.0,9.849422664499501,0,3,North,725.9937802938929
205,12,2982.0,11.2960900917163,0,11,East,773.7557858625502
206,39,1451.0,13.965281903287146,1,11,South,332.39904045994723
207,2,1222.0,31.1387612990965,0,5,South,205.1598129439449
208,3,3889.0,9.384930383215448,1,5,West,793.6671965270356
209,49,2579.0,10.470897208402045,1,6,East,280.079659081534
210,37,3217.0,10.050116511211268,0,13,East,600.9975473599438
211,49,2832.0,7.287005177844619,0,7,North,430.37361163916455
212,17,3876.0,6.154423882788052,1,7,East,620.2017655792239
213,49,2000.0,-1.3594295821296765,0,1,North,485.39842913380096
214,2,785.0,19.616695327378352,0,14,West,90.21016947830064
215,2,3995.0,16.10684583395098,1,2,East,511.66532969447036
216,28,2565.0,16.27599242226626,0,12,South,603.7979081662498
217,23,1268.0,10.942080041487142,0,9,West,72.33560469297778
218,37,3557.0,9.370305135265832,0,10,North,552.5695213561694
219,32,4789.0,6.412574069594593,0,2,West,1246.8659853333043
220,33,2661.0,10.14889631617312,0,6,North,484.3819007626893
221,1,3793.0,20.76010061172333,0,11,West,667.0116387436804
222,19,1446.0,10.87009278310302,0,11,North,144.90964993227766
223,2,3835.0,26.22866991460677,0,1,East,462.3791214665303
224,44,4650.0,5.693081488216281,0,3,South,1153.379539054528
225,26,1981.0,5.597690175887971,0,2,North,354.95530909473126
226,32,2401.0,14.810996772975587,0,3,West,365.4812707402471
227,6,3951.0,9.735700228543498,0,5,North,267.10096493336044
228,32,4564.0,6.094897853675547,0,11,North,231.4649269827497
229,4,554.0,8.147468491552404,0,10,North,148.0390911868105
230,11,2323.0,4.947029566466964,0,6,West,318.5079766463551
231,17,3962.0,9.664082096690416,1,9,South,718.696788389382
232,38,3579.0,14.158141538322342,0,12,East,214.84076425885416
233,24,1332.0,9.861646662028694,0,11,South,265.07621685596604
234,5,3926.4,21.81816721837692,0,10,North,1086.461150488194
235,34,3306.0,12.106797840245008,0,12,West,563.4721843858476
236,6,2990.0,11.149772239211062,0,12,South,216.59126950330406
237,22,827.0,5.45848934517097,0,13,North,152.79886479050103
238,11,3810.0,8.807332765786667,0,4,East,839.3790029508731
239,48,3800.0,6.104930784831539,0,7,East,540.925465410982
240,16,4175.0,-0.8282261420206183,0,6,East,1136.415425994009
241,33,3554.0,14.871311110644038,0,2,North,641.9169682017932
242,9,2114.4,7.442747222248844,0,10,West,672.2699119220056
243,6,1811.0,6.197999628333469,0,11,South,349.7332820541859
244,16,3691.0,11.052850169792324,0,11,East,271.9078579465791
245,29,3038.0,12.562497761107585,0,11,North,338.48006214422253
246,3,4483.0,8.396125835468606,0,8,North,412.5029522563171
247,20,664.0,9.986991661954908,0,7,South,165.6826225821592
248,36,4777.0,13.730937036572016,0,7,East,989.4697297010447
249,19,1322.0,8.199032026950261,0,14,North,265.90119245958334
250,26,1443.0,11.51166870881667,0,8,South,159.91929771866563
251,3,4925.0,1.7037769080542498,0,12,West,464.79872914852615
252,19,1274.0,3.793405007861257,0,12,West,293.0738343094279
253,20,2698.0,13.027698890402018,1,13,West,395.4800427455357
254,32,3656.0,3.5322068041635077,0,14,East,375.4253031409866
255,7,3793.6000000000004,11.17068773556648,0,11,South,859.9613289437474
256,41,4195.0,9.265006089014637,0,1,South,228.6976677764242
257,33,3952.0,8.177663687398855,0,13,North,477.34411847864294
258,40,1414.0,5.857686155161359,0,1,North,222.49114101214107
259,39,1808.0,14.546700090526878,0,8,North,134.39852922054573
260,18,4677.0,18.649455772599175,0,4,South,1126.8329595907207
261,40,1013.0,11.500960813000972,1,5,North,91.68846277053947
262,1,2420.0,26.612453578364086,0,8,South,176.65457083425275
263,11,4094.0,6.5883468507125285,1,5,South,385.8068887548359
264,28,1909.0,4.0195138408781,0,10,West,443.89480029352256
265,25,3690.0,9.801305475969126,0,4,North,520.472598577257
266,23,4991.0,5.13125176020962,0,12,West,906.0418349168662
267,31,2055.0,1.1369493584208912,0,6,East,112.25252282539331
268,30,1304.0,14.017229061827912,0,13,East,65.7119944288925
269,42,1779.0,14.260833941259165,0,12,East,246.26938971394887
270,35,4077.0,5.7058061352345275,0,5,South,977.1008181305881
271,7,2720.8,11.219821606396222,0,14,South,819.1963298894519
272,16,1887.0,15.009761338958834,0,7,South,114.95254718961328
273,26,3261.0,11.025133435309394,0,14,North,535.58467105491
274,48,3179.0,4.034226769506333,0,10,West,849.0469037650269
275,49,2606.0,8.835532933814507,0,7,South,349.21848156884494
276,2,4723.0,31.634047100209955,0,13,West,1013.4464225236443
277,1,3268.0,26.235133218025567,0,4,West,241.99907902036117
278,48,4453.0,12.695660515914026,0,12,West,1103.5075704590959
279,12,3686.0,11.70814609684557,0,13,North,774.0869866023331
280,5,3024.0,5.722443210108733,1,5,North,1016.8409604045092
281,37,3073.0,6.895773903586786,0,13,East,627.0208287082012
282,32,3099.0,11.69432578525871,0,3,East,385.45179213577774
283,9,3626.4,14.084358900102039,0,4,West,1108.1775817824066
284,41,736.0,15.499524754589414,0,14,East,73.94153824065835
285,35,1804.0,5.709472276159032,0,4,West,226.30651403343003
286,19,3930.0,12.165602673385969,0,3,North,777.3733012313982
287,48,1801.0,15.935220558594882,0,13,North,365.37383090310425
288,16,3041.0,5.064591148559888,0,10,North,815.1429503344416
289,3,2551.0,17.43373567899887,1,5,South,213.15532729420525
290,20,941.0,18.19470413672095,0,5,West,192.06168648524275
291,24,2576.0,23.125431698108304,0,11,North,464.6480781000023
292,33,3680.0,11.154667204149973,0,7,West,215.61961928877727
293,24,3157.0,11.182123381312243,0,4,East,411.6405394350294
294,11,4298.0,14.134971945586589,1,13,East,445.40893392972526
295,49,1304.0,13.989013365247082,0,4,North,141.4570044175096
296,8,574.0,15.631834304978028,0,9,West,143.2173887217461
297,36,2675.0,13.920165902325518,0,6,North,485.15231080607975
298,38,4424.0,9.469690454809808,0,4,East,918.8372232977866
299,40,2589.0,16.10998560486751,0,2,North,638.8776305178709
300,20,540.0,4.643729251536372,0,6,West,74.30374275011064
301,35,2581.0,10.029261683626881,0,2,East,581.6044733670825
302,48,2122.0,17.818678080248997,0,5,South,276.63767779271205
303,25,841.0,3.748767509398403,0,6,East,216.43962145027584
304,35,4552.0,6.6126217150141855,0,4,South,404.5431796090232
305,25,2574.0,13.358736455386456,0,14,North,639.8769697333058
306,29,1145.0,11.969559866180761,0,13,North,105.5250829725408
307,18,4763.0,5.624872961718776,0,3,West,591.3517795920162
308,46,1109.0,7.9190299863492974,0,7,South,244.11060813900997
309,18,954.0,4.0960896867483045,0,2,North,135.8101040296592
310,2,3453.0,29.90242499760286,1,13,South,593.7159698868866
311,35,2208.0,8.720593211647342,0,11,North,324.77630318628184
312,16,3972.0,18.960779553803164,0,14,East,758.3434259817166
313,41,3469.0,10.405501220200108,0,6,North,332.8169342425386
314,36,3528.0,8.901298482985617,0,13,West,207.66854963970863
315,33,3181.0,8.415891193541013,0,4,East,364.10989122391453
316,4,4129.0,8.779000824037857,0,6,West,634.9484346504162
317,33,4725.0,10.554105475669015,0,4,East,388.8424902355691
318,14,3567.0,22.562037882891595,1,4,South,383.116947843098
319,21,1886.0,8.305701649503202,0,4,West,259.3958281860873
320,48,4276.0,8.468232696143453,0,9,North,251.85137936010287
321,20,3366.0,10.327969228415894,0,7,South,591.0759252422841
322,8,3863.0,15.4513725317213,0,3,North,885.3971715175238
323,7,3699.2000000000003,2.8950771946361042,0,3,East,394.84299481543826
324,3,648.0,12.275463684548226,0,6,East,113.37948763192726
325,17,4350.0,5.91287411989419,0,6,North,884.7989873817648
326,33,2558.0,12.766363444754745,0,4,North,345.50149099154424
327,48,1636.0,7.531200288197719,0,9,South,340.7927564165095
328,12,686.0,-1.520511698786433,0,4,North,106.33305065194219
329,22,3354.0,11.847888013437426,0,9,West,520.8364980286391
330,22,1750.0,11.805723851734344,0,4,West,80.00716356332336
331,46,1833.0,7.104598457602851,0,2,North,379.59916888732647
332,30,4693.0,6.808280699284988,0,2,West,941.7678355155622
333,38,4650.0,3.443136374561737,0,5,North,267.598676627147
334,38,3211.0,13.865499707694356,0,4,South,392.91352565587255
335,45,2285.0,14.41107891233404,0,7,West,576.4601609235393
336,8,1250.0,5.60474557412055,0,14,West,183.10808048472006
337,27,2262.0,7.300327702305745,0,11,North,367.9714665453888
338,27,4420.0,9.683554394305183,0,5,West,1107.7066616488546
339,34,4960.0,21.354326405177734,0,6,East,894.519608319877
340,21,981.0,12.725608737944661,0,10,South,167.39463855089616
341,30,653.0,5.2829224249581035,0,4,South,154.28617661245372
342,33,2024.0,11.518901547452527,0,13,West,476.53205984401836
343,28,2620.0,3.1165422968095924,0,12,West,416.85239952596515
344,47,2843.0,13.589951549580855,1,2,East,414.6241614125292
345,33,1740.0,18.377736967722427,0,13,East,208.08139574737635
346,5,448.0,18.398958425419792,0,10,West,133.28621073175017
347,48,1438.0,13.674467517371694,0,9,West,278.4268348842793
348,19,2139.0,7.0829382206593525,1,10,East,140.72617436216464
349,4,4620.0,3.495491217429371,0,7,North,1184.803577305762
350,35,4726.0,2.9989747831544546,0,4,East,779.9673665748178
351,49,4069.0,-4.031085547492717,0,3,North,284.4104925113264
352,17,1752.0,13.469278815039608,0,10,South,284.1462575105154
353,44,4703.0,9.485822398878003,0,14,South,656.7988424649046
354,28,671.0,14.546080832265638,0,3,East,154.49424490770815
355,30,1958.0,17.14015742617394,1,9,North,163.85977870689186
356,29,4049.0,10.499527719512049,0,5,East,929.9446340353428
357,46,4697.0,10.72980804856575,0,13,East,794.2511324815256
358,6,2822.0,7.6783982775126685,0,3,North,165.83504875943373
359,35,2136.0,8.26957791413796,0,5,East,574.0172343469775
360,41,3615.0,13.64234956236467,0,2,South,556.1657450016535
361,37,4590.0,9.128124848173448,0,11,West,511.86417994020155
362,24,3504.0,8.40496166623588,0,4,West,537.113665291317
363,29,829.0,9.908415702785744,0,10,East,197.51771342313185
364,49,4140.0,14.431650980307948,0,2,North,447.15857205412095
365,46,4394.0,6.536692210849487,0,2,North,403.15867144648513
366,31,4607.0,9.667357412239838,0,12,South,342.3677691698937
367,35,1841.0,11.226389188892146,0,8,North,203.41566370936494
368,33,4163.0,15.801109517926196,0,1,North,858.8160923092547
369,21,715.0,8.803516116002905,0,14,South,109.48430884390504
370,32,838.0,6.41088306974139,0,7,East,83.81597603761124
371,23,4562.0,7.578195278638223,1,5,West,385.98487258702477
372,33,3208.0,15.265287165076897,0,11,South,362.02824727066326
373,3,3652.0,20.166526493017322,0,8,East,830.8676358935713
374,18,2250.0,3.4312109315698356,0,1,South,294.97180537478874
375,25,2921.0,4.523491924650714,0,11,East,828.3805417513485
376,42,1209.0,9.156016066489272,0,7,South,188.14779749447248
377,31,4226.0,10.554780480340218,0,5,East,358.3056350005181
378,3,4142.0,13.934847827774977,0,4,South,972.4291244189452
379,40,4493.0,5.544334956992568,0,7,East,700.6193914056025
380,46,988.0,4.6844548167526785,0,10,South,214.16337550796567
381,24,546.0,10.690435765668148,0,2,West,144.30338514711264
382,32,3859.0,8.707996398964157,0,12,West,220.33933915675343
383,47,900.0,14.633604988857623,0,1,North,56.98742622408553
384,22,4490.0,12.43679901595192,0,1,East,904.7141063442891
385,23,3657.0,12.776896738166094,0,11,South,384.2251919115316
386,2,4845.0,24.47759326811567,0,12,East,421.36828567644255
387,27,890.0,21.77790129284103,0,1,West,41.659539612727755
388,42,4353.0,5.8112600920312,0,12,East,227.3948679868427
389,2,4930.0,28.054049168773876,0,5,South,1044.2673906488349
390,26,1128.0,3.6515500646344634,0,10,East,90.86644138083037
391,17,4732.0,4.632661611302739,0,7,South,753.3194697406482
392,40,3430.0,6.9632720061727245,0,2,West,642.9363738809055
393,33,2021.0,18.14661668309013,0,10,West,259.8638217906276
394,9,1060.8,11.319472152270096,0,8,West,66.76389382990013
395,43,2000.0,7.047609657278124,0,4,North,457.09407785602394
396,48,3794.0,11.872181629772866,0,12,West,175.9663954926539
397,39,2919.0,10.175739407122542,0,3,East,630.5116516784595
398,29,1434.0,7.540133154304401,0,10,North,362.3961346840599
399,42,3542.0,3.016855721058863,0,11,West,543.4739015456958
400,26,4997.0,17.19271242256145,0,8,East,760.8966516121575
401,35,1966.0,11.04909064355021,0,2,East,295.97288744940676
402,25,4061.0,20.868691867341195,0,11,East,473.3587769821891
403,24,1114.0,14.7016081027044,0,11,South,258.3242462322643
404,13,1682.0,12.756598623805212,0,13,North,401.318809872809
405,7,2978.4,7.823978356915165,0,3,East,459.6920343186087
406,36,3167.0,4.523272180715416,0,12,South,616.1413785350726
407,45,630.0,8.911345077557764,0,3,West,161.6713781410275
408,20,3483.0,4.378537028970846,0,10,East,967.5576664251547
409,1,4778.0,28.25095190365377,0,11,South,734.6356790466649
410,8,4959.0,18.163262488485653,0,1,East,662.337085034553
411,46,538.0,8.695438669414349,1,6,North,58.78588073921692
412,16,4459.0,14.722454861955985,0,2,North,1101.6600311273455
413,14,4087.0,6.553854648915717,0,1,West,327.3142951250383
414,12,1420.0,8.487665808963245,0,2,East,253.34228795243544
415,23,3269.0,5.925180077172786,0,12,South,370.9974167565155
416,15,4611.0,-0.6656651753525522,0,6,West,555.8524554069877
417,28,992.0,9.817333250406946,0,14,East,135.30304766311082
418,34,1631.0,10.642258687988763,0,4,West,436.7876269321364
419,2,4021.0,30.329304993808186,0,6,South,217.0151231890696
420,32,810.0,13.97719126334644,0,12,West,135.61901668963802
421,23,1238.0,14.044764495194977,0,9,West,75.1730820302169
422,22,3741.0,5.129818884410615,0,13,West,314.55689116507995
423,25,1045.0,12.29748653035346,1,10,East,146.53846250930755
424,22,2961.0,17.91296982740796,0,12,South,431.7105594687125
425,22,4846.0,11.899339253545406,0,10,North,489.6872620155342
426,49,2304.0,19.142968065324986,1,8,East,240.532938570259
427,42,3712.0,20.094830555599316,0,1,North,212.79177695252727
428,6,4310.0,8.657658648541773,1,13,North,495.2758194918846
429,15,1313.0,6.5153012745971415,0,8,East,357.9742331541251
430,43,4624.0,6.19268917290525,0,9,East,1241.3350085936504
431,37,2532.0,2.4193208994838997,0,6,South,330.38667036607694
432,33,4913.0,7.407985502922391,0,10,South,876.6624406897915
433,8,744.0,16.038327248781233,0,5,West,173.28408231337494
434,44,771.0,-1.0201878762562,1,6,North,40.1473741841896
435,44,4011.0,4.812732996431269,0,13,South,964.6876843472556
436,5,1816.8000000000002,9.364342791740011,0,6,West,590.932533413845
437,39,1762.0,5.614073996891498,0,9,South,121.12450174189485
438,4,2924.0,7.3635702787989,0,4,East,244.76236133673078
439,6,4861.0,7.4383516278884825,0,2,South,1305.6717836629766
440,45,1420.0,8.712298899691255,0,11,North,239.01562184652147
441,32,3930.0,6.3527265194513065,0,11,South,197.07899517864368
442,30,4935.0,5.94393393072226,0,9,North,531.0438207434199
443,47,4984.0,14.671548729606156,0,2,East,691.0152417438549
444,35,3124.0,15.248270889301725,0,10,North,591.0262340935346
445,40,4260.0,3.0972832737629528,0,9,South,963.0345120861656
446,16,2550.0,-3.7979869963644197,0,2,West,791.0249599180437
447,13,4000.0,15.316874247854654,0,12,East,412.83972202994073
448,42,1665.0,3.8559979072393125,0,8,South,295.4352482664239
449,30,875.0,11.063724192298698,0,9,East,142.66670536283345
450,19,2533.0,2.1716406348589135,0,12,East,375.19607882858276
451,17,645.0,16.48877492629836,0,10,South,49.71202373355965
452,19,4888.0,22.718339476507637,0,9,South,1111.9686564129502
453,28,931.0,10.914034546026683,0,10,West,218.40277446679346
454,26,1204.0,9.529486757702417,0,9,East,190.16742792632095
455,37,3132.0,8.389302124049681,0,2,East,576.1773913665563
456,26,4994.0,13.908996556564558,0,4,South,459.2399104231356
457,23,1463.0,12.838433754672929,0,7,North,237.11443027560594
458,9,2187.2000000000003,15.017492267764323,0,12,South,519.8482707742215
459,12,2541.0,6.860417387009587,0,2,East,423.14230251417837
460,1,2328.0,26.700588532023225,0,1,South,611.690613842756
461,1,2608.0,22.28765966646902,0,3,West,490.4434221204805
462,47,4568.0,4.7114217596497285,0,12,North,621.3310609206632
463,34,1438.0,9.794922894982681,0,4,South,315.25650974894376
464,32,1306.0,5.387436348114589,0,8,West,114.43958198174502
465,48,1963.0,15.868634988712941,0,6,East,241.33177591076117
466,25,3915.0,5.690398109920885,0,11,South,504.8733189204374
467,40,510.0,11.817729703436799,0,2,East,71.03558464600255
468,45,2368.0,6.982888506201389,0,9,West,540.6281553021852
469,1,1384.0,26.38531375218756,1,14,East,209.77211390193693
470,16,4064.0,7.380017132723219,0,2,West,935.3865097511436
471,39,1889.0,3.7139436257123135,0,13,West,353.0779689399385
472,5,3120.8,12.418863704759227,1,12,West,463.0004937653134
473,22,4821.0,8.822921890433891,0,5,South,1109.8774924390489
474,29,1324.0,11.429924703612297,1,12,East,128.4920455955289
475,3,2765.0,7.8557853218478115,0,4,East,270.3094165902967
476,12,1436.0,3.36031743115774,0,13,North,244.417750828635
477,26,3300.0,15.415892985281282,0,7,North,321.5893059894055
478,16,3053.0,13.683788777205441,0,8,North,137.74831213512323
479,37,4345.0,7.165195122233781,0,5,North,855.438553554886
480,22,2296.0,10.348896067493989,0,10,East,365.9269865829169
481,29,553.0,15.210097415814685,0,14,West,75.66891527949734
482,14,1226.0,7.714808320688015,0,14,West,330.0818435144124
483,28,3236.0,8.49057747404724,0,5,South,570.9274150933818
484,5,2936.0,11.218162500036868,0,2,West,866.2430324526736
485,47,2413.0,7.70454468222707,1,8,East,188.9965003582041
486,49,2096.0,14.285459984935112,0,14,East,345.48461357807025
487,30,2414.0,9.15549609846281,0,2,East,585.5161789817626
488,46,2966.0,6.0798206250301305,0,10,South,545.3690471283169
489,5,2589.6000000000004,13.043194149369972,0,12,North,646.004696454758
490,12,1349.0,4.289346752843266,0,6,West,184.64661285994654
491,16,2609.0,20.07439280562107,0,8,East,152.45825356630274
492,26,502.0,17.912481817901014,0,6,East,67.77678006000596
493,26,4755.0,12.567477384605077,0,4,North,617.874599718666
494,48,4569.0,12.146655109099509,0,13,East,1070.8000490694797
495,21,1392.0,11.912207089096492,0,4,West,136.10477053969421
496,39,2530.0,7.554526070405465,0,6,South,682.2100637358425
497,36,3660.0,11.486548228404212,0,14,East,937.9738439012814
498,33,2876.0,5.384336947710758,0,13,West,304.51781628208306
499,30,2433.0,12.519092092200905,0,4,East,291.6198826930826
500,37,1880.0,14.339234715156477,0,8,North,441.07687292466534
501,23,4181.0,8.109569495083328,0,9,East,1120.5228228443755
502,10,1790.0,7.024491029226403,0,1,East,267.7127493985091
503,5,1712.0,3.9376148767604513,0,13,South,267.7579708283788
504,36,3182.0,17.289776167828457,0,4,North,477.7406939477127
505,34,1487.0,7.421679830788943,0,4,North,305.53456592809323
506,31,1718.0,9.006304819916883,0,2,South,185.04232564990664
507,10,1855.0,11.50077792497863,0,6,East,384.3427712896993
508,19,4765.0,11.411038214449672,0,3,West,265.57803731043623
509,32,4635.0,13.732800478405348,0,7,North,249.20005364269792
510,1,2060.0,23.103350400808356,0,13,North,277.471060390983
511,5,1534.4,4.306660307645434,0,11,East,253.9609327658036
512,45,1454.0,3.43167345513842,0,11,East,181.0005964733909
513,4,1483.0,7.103723835785767,0,5,North,237.9961507392458
514,16,1474.0,5.24074762662688,0,4,East,181.83383742436223
515,24,4633.0,8.48191647346121,0,5,West,415.79661105062496
516,16,4472.0,16.537894053799914,0,8,North,475.3892685731828
517,2,1413.0,23.113608970581556,0,3,West,381.36062270410645
518,49,536.0,8.111745693327217,0,14,West,75.24655439519684
519,28,3887.0,9.918006118721058,0,7,East,564.3633681926615
520,32,2211.0,7.971875043939669,0,14,West,395.01714596339747
521,27,3520.0,9.66304382140903,0,6,East,940.7147476370701
522,20,1295.0,12.704346112406732,0,12,South,124.80521119588053
523,24,4536.0,14.42375527381657,0,1,East,855.2266658127095
524,12,3611.0,15.016065998695119,0,13,West,702.7365542048076
525,35,1824.0,20.2842611036551,0,7,South,293.46546860656304
526,33,817.0,12.84679723086219,0,14,East,51.3699504766053
527,33,2896.0,21.172394506746546,0,13,West,500.44141082681045
528,43,2662.0,6.117590959701785,0,7,North,165.00305635617036
529,37,3245.0,20.456424512122926,0,14,North,513.7486672548795
530,12,2091.0,8.09811972890205,0,12,East,451.3908447543365
531,3,3611.0,8.589905346184825,0,1,East,339.1342563194792
532,1,4430.0,24.400637262885635,1,9,North,1045.1509628168442
533,33,2496.0,8.906896444206346,0,6,West,130.93793270618806
534,40,1812.0,10.429201983632515,0,12,West,423.53303483463793
535,10,1785.0,7.099859987557805,0,2,West,273.7505508682692
536,43,4811.0,14.14981086535686,0,5,East,431.18591858137773
537,44,2883.0,7.235824826894102,0,13,South,223.1633309477923
538,29,3739.0,13.278051991264459,0,11,South,934.9093208948752
539,13,2639.0,17.63861809761882,0,4,South,148.16081351022214
540,12,2204.0,8.214488150961301,0,7,South,201.83677597245656
541,31,862.0,13.971917089895888,0,8,South,101.56106913032744
542,46,3104.0,12.795796444515924,0,11,East,555.0567114411525
543,2,2216.0,36.26443441109875,0,14,East,324.87853424044357
544,35,4951.0,7.47584717577525,0,11,South,372.93269191551417
545,23,4786.0,13.97535808402892,0,1,East,504.06958964241915
546,17,4238.0,1.8699445411172344,0,5,East,456.1649239930118
547,26,2969.0,7.520707946315935,0,3,South,283.86720647112105
548,8,1056.0,11.76696418798454,0,1,West,142.3570371351457
549,29,1325.0,16.965799845448906,1,12,East,248.65456342292347
550,26,3308.0,3.870333175078986,0,3,West,331.8718853610987
551,10,3219.0,13.930453203705552,0,14,East,392.50711007240545
552,26,4008.0,9.683882717585206,0,6,East,534.761063620628
553,34,4241.0,2.3923617330384372,0,14,South,1217.497197494932
554,41,2074.0,10.90793422974395,0,7,East,533.3893030856676
555,7,3598.4,18.545806164891058,0,8,North,916.078428929094
556,4,2629.0,4.397886700441916,0,13,North,277.51412587007985
557,45,2903.0,9.450311423149083,0,11,South,176.14457127021277
558,11,3829.0,5.066805076802169,0,4,West,469.73560568853173
559,29,1088.0,7.657085340449921,0,3,West,117.24606033799894
560,36,2512.0,17.160850717623166,0,5,West,367.24367841102105
561,25,2047.0,8.642377622543087,0,9,North,457.1099263998832
562,21,794.0,17.007828687576634,0,13,West,174.34754951489356
563,36,2485.0,15.545270239657933,0,6,West,548.2140730363354
564,10,3617.0,8.18631043257776,0,9,South,464.65680395452387
565,37,2190.0,7.487002696968838,0,6,West,449.3918786199479
566,9,1308.8000000000002,5.52000596592749,0,2,North,198.17101916325683
567,24,2564.0,5.345594029032979,0,13,North,158.3004575326301
568,35,4955.0,11.766036972539215,0,5,North,985.4092278155548
569,49,1507.0,9.901073423925173,0,12,South,71.22548134925638
570,35,3014.0,6.881972825353967,0,11,South,427.4295113252703
571,48,4026.0,2.2561853893836057,0,9,East,520.7988222688855
572,36,1747.0,10.530893839111059,0,8,West,349.09292035653255
573,18,4402.0,7.652239104693333,1,7,South,981.9828177605514
574,49,1935.0,9.023511522089532,0,1,North,221.851425731892
575,39,1071.0,11.523309143490408,1,4,North,239.65073693272345
576,32,2882.0,-2.5090143069393167,1,12,South,364.79578053841436
577,24,1745.0,2.333626981454376,0,7,South,275.37998283490043
578,23,2584.0,21.48221538402594,0,11,South,470.20686911267194
579,32,777.0,7.466947466501911,0,7,East,160.4983524756139
580,37,2387.0,-2.5871655119876458,0,6,North,726.8938110620793
581,12,1765.0,2.7502991024187375,0,8,East,182.44267750903703
582,49,1540.0,22.422336843207166,0,11,East,257.5519432279722
583,13,1417.0,6.4850126986508,0,13,West,268.22886601514324
584,23,1385.0,15.795076224485783,1,6,North,325.1176020052486
585,25,3252.0,10.605589991686026,0,10,North,258.9956490553561
586,35,521.0,7.575164812505145,0,3,South,114.58064939267054
587,41,3691.0,13.877227353815464,0,4,South,610.5414441477262
588,30,2853.0,-1.9217833767814407,0,14,West,345.06173363240697
589,17,1186.0,2.794336900716986,0,3,East,194.3821178843078
590,49,784.0,7.538244939302196,0,1,South,96.73368511178485
591,20,4247.0,3.2854780086519586,0,10,South,800.2507774172134
592,48,1262.0,7.096111057480142,0,5,North,319.19889614623264
593,25,2928.0,14.26856522841414,1,1,North,482.78049906312293
594,22,3007.0,10.660683606679905,0,1,South,558.5916885821604
595,13,528.0,16.653085177547947,0,2,North,79.07514858182344
596,19,1406.0,10.976876421758721,0,13,West,78.59377578488836
597,49,3604.0,14.962304157472632,0,4,South,331.6517416652064
598,36,4499.0,9.679648499357512,0,6,North,702.9894391166765
599,12,3494.0,7.0486225832010865,1,8,West,414.2754776823527
600,41,3006.0,17.40284027770944,0,13,North,236.96740528618892
601,19,4109.0,6.453248560319666,0,3,North,676.6427945691916
602,12,4053.0,11.719224115621497,0,1,North,467.6559542375114
603,9,1562.4,13.844486816122366,0,3,South,192.70494681211142
604,7,3084.8,14.207463522354283,0,12,East,549.1425339310905
605,28,1015.0,4.172786648899902,0,3,North,81.04191807847641
606,14,538.0,15.259752029141328,0,5,West,128.5355343776541
607,31,3842.0,5.105223769463649,0,11,South,973.1723727223504
608,19,1386.0,14.05351827674997,0,12,South,270.2935484310406
609,47,3344.0,12.675867355245495,0,12,West,223.54520366721593
610,16,2704.0,14.093153308899492,0,4,North,566.7214747780456
611,5,1278.4,3.9749823945048623,0,13,East,386.6725351081393
612,35,2323.0,12.939648713671957,0,4,North,489.30468442485255
613,12,3701.0,15.42796838204086,0,9,West,245.6791614571148
614,25,3655.0,10.966978915808703,0,7,South,686.5522297161054
615,21,3593.0,5.906916601977116,0,4,East,874.2021342416463
616,36,4030.0,14.598738071639952,0,3,South,668.8486363917586
617,23,4278.0,10.56959814050385,0,6,West,809.5532304688186
618,16,3396.0,1.6277786808615202,0,3,North,549.8521154267171
619,39,3953.0,5.519052688416698,0,6,East,680.3998264025777
620,45,4011.0,7.368527343865131,1,11,South,217.7037789788914
621,42,1488.0,17.529091438198282,0,13,South,257.38695873943675
622,39,4616.0,16.65091543153107,1,11,South,270.7095615134417
623,14,4526.0,16.63484265528338,0,13,North,598.994506152615
624,31,4679.0,11.161801388419333,0,13,East,511.9597030604088
625,5,1745.6000000000001,14.567973958895996,0,12,North,347.39305639595483
626,35,4463.0,4.296102956570547,0,9,North,356.02737483959885
627,23,1433.0,10.034015491963856,1,6,North,287.37946777049615
628,29,4098.0,12.258163508247982,0,12,West,894.4309100030906
629,43,3733.0,4.625504713454399,0,4,West,323.4154287514458
630,11,2480.0,11.049560448209348,0,5,West,167.82645386413677
631,18,2355.0,18.43319592902172,1,13,East,165.9250203381353
632,47,3556.0,12.793848922803134,0,6,North,835.0568036528445
633,12,1292.0,14.587726033320603,0,11,North,200.89405134087113
634,9,1032.8,-2.2620346171613104,0,3,West,220.22996997617346
635,10,2309.0,17.78984424576462,0,8,North,145.5525855098507
636,44,2755.0,9.069388261239153,0,4,North,532.0638339726614
637,17,4110.0,6.156568429649789,0,8,South,1029.8092715119597
638,38,2107.0,9.126810740950349,0,10,North,492.1663820158698
639,7,1187.2,2.5748892085955113,0,10,South,298.5751294216212
640,46,4176.0,15.239710308760712,0,3,North,243.59342735074486
641,13,3880.0,8.323021386131035,1,10,East,277.80427112068037
642,40,1019.0,6.306845939869653,0,7,West,59.505894248187786
643,42,1090.0,9.159724671558175,0,11,South,113.24429100426293
644,9,1240.0,15.590078272880705,0,13,West,109.79098790804287
645,27,4133.0,10.657292003906102,0,12,South,424.6857715378637
646,2,4944.0,17.951531152332663,0,9,South,701.7882977922484
647,5,1167.2,12.32490414870541,0,4,South,365.5200789839553
648,29,1192.0,5.355100228386875,0,8,East,228.55992364695197
649,37,4399.0,-0.7805051568740828,1,3,North,1147.096227445401
650,38,4973.0,17.480036063585892,0,7,South,933.9564159249701
651,19,3446.0,12.286149374138445,1,3,East,236.14449782935992
652,8,1026.0,9.608646680982925,0,12,South,216.9967226160808
653,48,3724.0,8.271952426516506,0,7,North,405.7288020589044
654,45,2753.0,16.98539750366658,0,14,South,479.42259157528423
655,1,3844.0,40.43577575099202,0,11,East,387.6328992629857
656,22,4465.0,12.243902592832582,0,10,North,1173.212726383076
657,17,2375.0,4.85182658836062,0,10,East,261.87982955351464
658,7,1810.4,9.227672405660119,0,11,North,246.05479091297215
659,25,1020.0,12.152863360470246,0,11,North,253.28211632873402
660,45,1516.0,-1.7476415349593277,0,6,West,86.62817536837176
661,4,616.0,11.672496008890588,0,2,West,121.97154223893664
662,36,2933.0,12.182125647465394,0,11,West,595.8403924254058
663,6,1083.0,16.6317109899361,1,3,North,233.93100198229084
664,31,894.0,16.11061651186527,0,6,South,220.19888201010082
665,19,4288.0,10.55586080144768,0,14,East,1127.2155222147044
666,44,3268.0,17.57318453290179,0,4,East,178.6445528675475
667,39,4667.0,20.17839159519378,0,6,East,951.6579839050646
668,27,4360.0,10.1397572762223,0,1,West,828.9408150321618
669,10,773.0,12.090935392338745,1,10,North,143.95009769640598
670,26,2513.0,1.1635132344471188,0,12,West,203.88567833025263
671,19,4933.0,2.74513368779456,0,1,South,1019.7107795946279
672,39,1889.0,5.809018429952406,0,3,North,525.988248181195
673,3,4066.0,7.781908477414733,0,8,East,1042.2152808123647
674,45,665.0,4.519384876309658,0,8,West,101.45337861077111
675,13,2067.0,9.82002294011379,0,11,West,111.81696283922068
676,28,1228.0,7.931454161626908,0,4,South,158.9324999532171
677,20,2543.0,15.354476156698077,0,6,South,552.3354396082534
678,28,4697.0,7.62613177258146,0,8,West,977.8562084750398
679,8,3996.0,-1.4335897410774723,0,7,South,668.1271426603977
680,41,1278.0,10.628755862677101,1,11,East,72.841979343262
681,39,713.0,9.929009877943304,0,7,South,100.64891390256231
682,1,4262.0,20.689750592977532,0,13,South,672.286909588542
683,3,2076.0,10.474999417485185,0,4,West,524.3661212992913
684,13,2948.0,4.623677058868325,0,9,West,591.2191877953749
685,28,3436.0,11.649199768116713,0,12,North,388.3104743494975
686,49,3617.0,23.164622184649257,0,10,North,503.93945534164243
687,25,1091.0,0.9719726354661684,0,6,West,71.86125785777536
688,33,3220.0,7.418789564954198,0,14,South,873.8901819218163
689,38,1213.0,6.61747439275432,0,12,South,158.59916816525578
690,6,1435.0,7.833700582562281,0,11,North,224.13453558365228
691,44,4837.0,15.09962289798487,0,3,North,570.086628977101
692,45,501.0,12.714132796595122,0,5,North,96.4810791046631
693,32,3348.0,14.243832513032118,0,5,East,618.8922414503733
694,45,4544.0,10.15247752376799,0,14,East,934.2400596234693
695,47,2449.0,3.3895034002757107,1,5,North,276.90567421748284
696,21,1417.0,4.426573193700102,0,8,South,174.58929210621005
697,16,3674.0,13.731298537332961,0,9,North,257.7219274530569
698,21,2741.0,10.854159492066486,0,13,East,522.6069780852685
699,11,589.0,16.301037030394195,1,9,South,29.55421012239712
700,37,2209.0,11.466310516233985,0,13,East,390.00867070405366
701,36,2669.0,4.084925033339376,0,6,South,684.5982396862435
702,35,4738.0,7.3904909290842244,0,6,East,1196.5988351740637
703,19,3541.0,12.82407074841465,0,9,South,500.87860960932886
704,20,605.0,13.551662481193128,0,4,South,86.2060079961325
705,18,1386.0,14.27554316077344,0,6,South,82.26960856387336
706,47,927.0,4.757379433974035,0,4,South,192.19941271811277
707,41,2395.0,3.9948491696153754,0,11,West,587.0514110804542
708,49,816.0,9.050987401262896,0,1,East,82.49951385320581
709,14,1134.0,17.200367582667273,0,7,East,145.84227889715382
710,15,2425.0,6.530658395959909,0,14,West,588.6664998414542
711,31,2556.0,12.274859453004865,0,10,South,603.7945787908867
712,1,3644.0,27.275305694694826,1,11,South,354.1770157301938
713,3,2770.0,13.803863748353066,0,12,East,448.02179911878176
714,16,1939.0,18.32220126974105,0,6,West,155.40104137769413
715,23,1052.0,17.80953212383053,0,9,South,65.2543945589212
716,11,1215.0,7.026970830802474,0,7,South,313.78662531371384
717,12,4411.0,-0.48947720654336946,1,13,South,1130.873053745634
718,10,2213.0,6.607353323176286,0,7,North,496.0450586107758
719,32,3889.0,10.378361470236177,0,2,West,216.76163151441585
720,16,1607.0,8.191773611571715,0,12,South,384.9684577196191
721,8,4706.0,19.839494714640672,0,11,North,601.7319313799259
722,38,750.0,10.093901521582247,0,9,West,91.4336800673458
723,12,2930.0,13.26855940128097,0,10,South,474.24225645584426
724,24,2554.0,11.086071548236719,0,9,East,165.4057323966877
725,28,958.0,8.266834082545888,0,6,North,210.176138843468
726,8,707.0,0.3759416101866675,0,13,North,137.7754898870337
727,28,1399.0,9.606911807292574,0,3,South,122.2203918419897
728,36,3961.0,26.273236465770633,0,1,South,283.4402832875585
729,26,3885.0,3.777708000810831,0,4,North,359.1030398080284
730,8,521.0,0.9256347781288776,0,14,East,33.16470880039516
731,28,909.0,19.68194651284455,0,14,East,143.79116034075847
732,28,1394.0,13.710414849346675,1,3,West,312.8526761073818
733,37,1014.0,10.937099402617182,0,14,South,49.105540294604076
734,41,4609.0,16.813369311835288,0,12,East,238.6754223623428
735,36,2634.0,5.842490285219516,0,1,West,479.1385920348183
736,27,4095.0,9.46702619542674,0,3,East,944.9005311318056
737,17,3456.0,14.775770584504116,0,14,South,387.8575146882865
738,9,1648.0,20.551771839101978,0,14,West,224.8793343085022
739,33,1766.0,4.1572784267169585,0,4,West,336.97052903047927
740,20,2669.0,16.40367229280197,1,13,West,264.5142882084752
741,13,4138.0,11.90919530420492,0,13,East,206.50806228073606
742,28,1249.0,10.81530533714708,0,14,South,260.441698034443
743,48,3927.0,9.96135388872631,0,8,West,729.8368801724214
744,29,2427.0,3.0767668965269834,0,9,North,459.1483283697446
745,13,4304.0,14.815444991065162,0,3,South,863.1343119216785
746,46,4202.0,6.088654898368359,0,6,North,863.4490754398747
747,35,2856.0,4.601546487488264,1,10,North,276.46446982287927
748,6,2835.0,14.42729479450169,0,11,West,335.07784788610877
749,18,806.0,13.945670125733393,0,5,West,56.547327260322774
750,5,3332.0,10.395000418055313,0,6,East,307.76057098323946
751,47,2489.0,15.397718104058209,0,4,East,461.2624726709513
752,25,1161.0,17.129682907395576,0,10,East,254.62624328207303
753,2,811.0,31.541120389127702,0,6,South,196.74932733745348
754,10,3420.0,7.3586051329901006,0,7,East,656.1204370528964
755,30,1582.0,15.070524656398561,0,9,North,129.018126913084
756,45,3471.0,11.058204887543244,0,10,East,235.89862195442086
757,5,1003.2,18.629538851761872,0,7,West,258.3746322199932
758,33,4630.0,9.381358318664136,0,6,East,816.846061071916
759,1,852.0,23.217641813158348,0,1,South,159.97179455190604
760,18,1402.0,6.931015615785617,0,2,South,320.15959774109666
761,32,4388.0,10.946439471177777,1,1,North,882.4273844177395
762,47,658.0,12.33362733796052,0,9,South,149.18044843854696
763,49,2477.0,12.429811414636355,0,10,East,138.93926486960254
764,11,1456.0,11.745862701559282,0,10,West,304.3863235814565
765,21,2571.0,13.355185063399029,0,9,South,585.229934100059
766,26,903.0,8.88729082042801,0,7,North,99.99162978297365
767,25,3279.0,5.637423422040644,0,13,East,650.1172491401595
768,22,1887.0,5.200860015431761,0,2,North,229.9409580084751
769,27,3953.0,14.875255476517342,1,6,South,974.1377030330478
770,49,1455.0,12.35161155264145,1,11,South,74.4203398166597
771,13,2212.0,0.7208111452483801,0,4,North,428.11712158793114
772,33,1773.0,15.483767133999704,0,1,East,137.2988998877496
773,34,4311.0,19.402175732013276,0,1,South,792.3937422529266
774,41,3125.0,6.420415746207336,0,12,West,274.8098159949898
775,35,2882.0,11.680800231380205,0,5,South,277.05171274772096
776,1,1941.0,22.632709531838202,0,12,East,311.22552229890283
777,21,3479.0,13.141534627355835,0,2,South,842.2037381022495
778,48,2297.0,4.169955554623874,0,4,North,226.56807829564295
779,6,4890.0,9.642771714506097,1,1,South,380.25341926702436
780,28,4509.0,14.906570639993905,0,4,South,919.8656162308339
781,17,1894.0,16.1785586964942,0,11,East,278.0720561916026
782,5,3824.8,12.132479094598443,0,6,North,1167.6373536780195
783,31,1769.0,8.304773483951305,0,10,East,140.5598767206212
784,5,3371.2000000000003,2.0369945782819574,0,4,South,873.0316444482555
785,38,1029.0,6.212251443803591,0,1,West,104.44031142357035
786,3,4123.0,7.653632976226098,1,7,South,339.5860451545075
787,23,3458.0,6.51133108349193,0,14,East,713.9960837054982
788,37,3414.0,10.297764841568076,0,2,West,607.6517524963966
789,37,4091.0,8.290561319143574,0,9,East,895.5883244651734
790,10,2647.0,10.860606861677216,0,13,East,300.52175101684816
791,10,3869.0,16.013136505238318,0,3,North,526.3881579705836
792,19,1439.0,7.967688893853192,1,8,West,200.46334026099962
793,17,1025.0,3.0856651137288758,0,13,South,294.0603097932748
794,21,501.0,6.491462009375625,0,8,East,57.65192404081811
795,14,874.0,12.91794234986636,0,3,South,94.15100165804486
796,9,2272.0,13.389718924763367,0,4,North,341.00999127854436
797,46,4505.0,12.030425985081171,0,2,North,757.5271884814933
798,1,3552.0,31.503686529440078,0,4,West,335.37346100679713
799,45,2865.0,9.068184650615073,0,11,North,726.3873650115968
800,13,2025.0,20.26083074004662,0,11,North,187.98773664886417
801,4,4976.0,14.090935680529535,0,11,South,1171.1078718112606
802,1,2146.0,12.382562648960613,0,14,North,167.07593582272543
803,49,513.0,19.003293149817832,0,9,North,88.97825726974517
804,40,2778.0,6.165066949321391,0,2,East,721.4043189144737
805,32,3655.0,4.829494052715346,0,12,North,320.672070291498
806,34,629.0,12.618855549164468,0,12,East,160.53612694716014
807,28,4314.0,1.3090976383172837,0,13,North,694.9168934247684
808,31,3716.0,6.522653843391934,0,3,North,994.9442083560697
809,8,3438.0,17.785492703121037,1,11,West,619.5905830862458
810,39,4428.0,12.781087894987513,1,11,West,484.288822559983
811,26,2540.0,14.061198904696099,0,4,East,211.90110943071238
812,34,527.0,6.71544699751263,1,5,North,61.91024543026334
813,3,2613.0,2.308150005159484,0,1,South,186.99550906090514
814,12,1752.0,13.534087146568671,0,7,West,130.22991633586906
815,1,4856.0,29.651280781209753,0,14,South,315.6688735356865
816,44,2546.0,14.424966930405551,0,10,West,339.30805737704856
817,5,3618.4,11.045346150589328,0,7,West,1001.4072371652566
818,30,4896.0,5.164658782639647,0,9,North,396.27276440524685
819,30,3874.0,22.18884794029865,0,4,West,248.92981130198078
820,17,3966.0,12.398937214920878,0,14,South,732.5724754634895
821,48,3581.0,9.13056679205416,0,14,West,323.1117719200838
822,47,4278.0,9.152753812583162,1,6,East,289.16127541729486
823,23,1129.0,10.747987390367769,0,11,North,92.4142214112998
824,15,769.0,15.348041310789904,0,2,North,182.87985746618997
825,37,3139.0,10.948140616527263,0,12,East,713.8393179909916
826,21,2493.0,14.292565767237486,0,12,East,295.96554483153164
827,14,3391.0,10.756988439466037,0,14,East,647.4777318656925
828,2,3932.0,24.438230542648096,0,4,West,656.3391676228963
829,11,1780.0,13.206251966641945,0,2,North,338.77361531799437
830,39,2860.0,13.016430168368982,0,10,East,548.9618979745661
831,38,1075.0,9.151829404524225,0,5,West,202.33910466706777
832,34,1807.0,6.253965211428704,0,7,East,197.39286320896974
833,38,3692.0,11.708644573702173,0,13,South,194.77331379692495
834,34,3678.0,10.39174334481297,0,1,South,540.1528864054235
835,18,3234.0,7.225641436146213,0,10,North,818.3184430975448
836,30,2712.0,5.787997587316016,0,10,West,491.5220499659972
837,15,2852.0,12.05237921947228,0,7,South,647.3778744879594
838,27,4068.0,12.750475285138473,1,10,South,1057.3612474058075
839,34,2155.0,8.199839426725697,1,13,West,179.83488968137982
840,38,2079.0,7.100314820435372,0,6,East,430.5913673628047
841,33,2703.0,5.848724054814047,0,6,West,556.2493936394621
842,24,1890.0,11.911274695724595,0,12,East,491.1201442678866
843,15,2242.0,5.980114631796317,0,8,South,624.7896027782159
844,30,2425.0,21.205672845103653,0,8,South,423.55804546898224
845,42,1119.0,7.948592820145015,0,6,South,114.23693595910757
846,17,1774.0,-2.1260713893630045,1,3,North,452.275023637631
847,5,1164.8,9.849141666854326,0,5,North,100.75134153596392
848,29,2439.0,9.634832600905987,1,2,North,540.3668937748558
849,4,4453.0,15.558592837620942,0,14,West,1043.633166729714
850,10,2881.0,11.440631183638521,0,5,South,371.7596128676015
851,17,1468.0,5.830824082800989,0,14,South,287.06828526380707
852,10,1816.0,8.568040632516118,0,9,West,261.57293843263705
853,17,1543.0,11.637098858254939,0,10,North,217.38852722525786
854,20,781.0,-0.8235712515520532,0,1,West,100.47060415954226
855,24,3344.0,16.693108671952256,0,10,North,670.0709518591744
856,5,1246.4,5.844150570976677,0,5,South,416.67802270423914
857,34,4793.0,17.085219104738087,0,12,East,1133.3660512119689
858,6,3032.0,11.962325705632942,0,6,North,250.10113498598417
859,2,4328.0,28.147970681969873,1,14,South,1009.9784766082456
860,13,1508.0,15.747117180006361,0,11,South,297.75950622649066
861,43,1729.0,12.865660263462491,0,7,East,170.55585602191644
862,43,1535.0,13.364431081587256,0,9,South,88.86251040753871
863,48,775.0,9.177917797693093,0,6,South,82.35244209664164
864,11,3240.0,11.860843407360477,0,5,North,794.035677157014
865,47,2789.0,7.062510925141285,0,12,North,539.9053157838406
866,23,1739.0,8.282944502060163,0,7,East,367.26124225477173
867,16,625.0,19.82347523984454,0,13,East,57.270135621658916
868,31,4565.0,5.959032074747891,0,1,South,986.7264852622752
869,11,4812.0,10.771585633181404,0,11,North,244.8696910664372
870,16,4368.0,10.56734518357738,0,14,East,561.8614673494113
871,8,1708.0,8.446227641096003,0,5,East,323.2064962023645
872,4,3749.0,12.572004682852189,0,2,West,283.5980622223541
873,40,1418.0,12.948610463706915,0,4,East,315.69601401623015
874,4,4423.0,5.370904084262104,0,7,South,455.19988408167507
875,25,4903.0,10.506783557732756,0,5,North,934.9209320499338
876,3,2469.0,4.588163306138215,0,12,East,356.4184880962205
877,32,3293.0,13.942743091586506,0,6,West,563.9701144585052
878,3,1391.0,10.882436551813127,0,2,North,95.28087146585447
879,27,4970.0,10.411649433585437,0,3,East,241.4532850243648
880,29,2533.0,13.295156744362016,1,7,West,609.2156912927929
881,32,1864.0,8.622448547657996,0,11,East,199.97756374994177
882,19,628.0,14.570109796091023,0,2,North,136.76410419384743
883,21,1514.0,5.2577756362193195,0,12,North,430.08620125192726
884,5,1839.2,17.059382594472638,0,6,North,196.12977380418852
885,18,2018.0,7.2454440872257315,0,5,South,217.67512935888456
886,28,4681.0,1.5191046615220616,0,10,East,994.4223299337151
887,42,1698.0,8.35732545768634,0,1,South,453.38650299549397
888,22,4373.0,7.790159013728954,0,12,North,1124.8346879914113
889,21,2974.0,8.319630069249817,0,11,West,479.11056501144213
890,6,3985.0,11.158240077419913,0,10,East,880.7582125866737
891,1,4549.0,30.48921180444136,0,11,South,322.68498310536813
892,5,3375.2000000000003,9.041470430514316,0,4,East,1129.6166390686756
893,41,802.0,6.541912150905496,1,11,West,218.1805448019946
894,12,4452.0,4.367265938581014,0,2,South,387.1503130031626
895,26,1486.0,7.659086043454779,1,4,North,171.32535265973496
896,46,2363.0,0.5608758037482364,1,1,South,176.3220390692501
897,34,4940.0,6.374334532418194,0,2,East,545.4361952537071
898,49,3572.0,16.220269479310932,0,13,East,760.0903651651897
899,14,3624.0,5.883203977107885,0,8,East,493.1286610500353
900,26,1827.0,13.143579304001525,0,6,East,114.41189353742159
901,45,2908.0,3.867589550957551,0,2,North,378.95199753802973
902,27,4173.0,18.85547949655277,0,12,South,1000.0884960389355
903,9,3032.8,19.188033665323548,0,6,North,635.4508581386488
904,26,4533.0,12.95510778279938,0,10,North,607.8034878555794
905,47,1203.0,19.956263008217608,1,9,North,88.23738045799108
906,22,1074.0,11.77896487463831,0,7,East,280.9738250512746
907,47,3732.0,13.84258557074778,0,9,East,820.6081251300301
908,30,3132.0,16.309669383657674,0,5,East,315.5098079245718
909,43,4328.0,10.898592265492246,1,7,South,260.36708053630406
910,48,3730.0,2.2381126920746928,0,11,West,233.94745400282562
911,17,988.0,13.944816776171988,0,14,East,68.09839488082591
912,26,1847.0,7.640702027832683,0,7,South,332.97364267179006
913,36,4181.0,8.012350895222701,0,12,East,1085.3070479358396
914,1,3673.0,26.48947458239345,0,12,East,566.2767577048346
915,8,2167.0,12.831404398586853,1,3,North,492.51626379794743
916,49,2137.0,10.75067317003109,0,7,North,307.9681241704673
917,35,4614.0,13.178647680786543,0,1,North,909.9321554181578
918,15,4053.0,6.465714329699018,0,9,South,883.169479910557
919,47,1500.0,9.786481026383584,0,10,West,126.51218204233032
920,22,1350.0,14.245427252254354,0,13,West,162.4280963286747
921,14,1888.0,18.86395588218358,0,6,South,320.65501584447236
922,26,4212.0,20.632177944866044,0,5,East,226.23284041458263
923,28,1867.0,12.164883413638657,0,7,South,230.2148591369539
924,23,1321.0,14.200049133728037,0,5,East,208.20861613677303
925,14,954.0,19.907895824075954,0,10,South,228.5024060646147
926,24,2124.0,6.645819816332527,0,5,South,334.3735023258782
927,2,3272.0,28.14849926356292,0,11,South,721.8527232641922
928,45,4226.0,13.84171474743073,0,10,West,575.3470103526232
929,26,3647.0,17.239307180383722,1,11,North,751.8471621238647
930,14,4589.0,4.314293097318888,0,7,South,873.1699968412917
931,7,2152.0,5.302971080997415,0,10,West,691.9847456449805
932,3,1416.0,10.106911055523529,0,7,North,194.41507672224364
933,47,4486.0,11.888638311608178,0,13,North,794.7886309602166
934,23,3375.0,15.614319768669038,0,11,South,590.9767675486728
935,46,1940.0,12.587718879061356,0,3,East,261.7392286494851
936,43,4900.0,9.24293384944858,0,3,East,382.7971988358598
937,47,1235.0,12.082307223780704,1,10,East,79.68549049845629
938,45,4068.0,11.505222381372258,0,12,South,195.00263798269944
939,18,3838.0,18.72508214993894,0,13,East,837.1772706575745
940,38,3515.0,10.828294717842661,0,3,West,342.02015253443335
941,35,3389.0,8.084582932237181,0,6,West,320.4622682363037
942,15,1461.0,12.248045150359149,0,12,West,300.0124644553553
943,25,3489.0,10.99242659669266,0,6,West,403.7241603798206
944,37,4348.0,2.14503322162664,0,13,North,751.0080817304773
945,28,1526.0,9.921739691889156,0,13,West,124.57640668841891
946,10,4365.0,9.496308772969973,0,3,East,1145.3898444384527
947,39,3363.0,7.280640671103419,0,3,South,819.7476756636602
948,17,3001.0,15.177916438114861,0,8,East,676.9719743162569
949,39,2447.0,6.07160201694002,0,8,West,348.65642797089833
950,22,1677.0,12.278093097622692,0,7,North,353.93152413420916
951,26,511.0,9.260715000781348,0,10,West,39.861930188315675
952,44,4899.0,10.538475028233913,0,4,South,228.57967441160633
953,25,3864.0,12.058931455229335,0,4,East,186.86936480616075
954,17,3522.0,3.4621280805449937,1,3,South,668.6240327280897
955,13,3871.0,10.958304458673915,0,5,South,564.7544508842275
956,20,3330.0,21.444737448566034,0,3,South,469.562336376823
957,25,542.0,2.216183270606379,0,13,East,27.488258584396792
958,4,1443.0,9.711960181422477,0,8,West,202.81781417377627
959,10,2890.0,15.6161966241191,0,7,South,559.7213511231064
960,3,3045.0,11.508096239767985,0,13,East,432.9471529510254
961,41,2911.0,13.439834760580167,0,3,North,587.2436607334522
962,45,1504.0,-1.87833005546308,0,9,East,165.87333614635926
963,18,520.0,12.991246873149752,0,12,North,114.59788931551046
964,47,906.0,6.191558968832008,0,14,East,167.52281001912684
965,36,1514.0,11.549386422915733,0,13,West,137.51755935902932
966,47,4931.0,9.852826345452545,0,5,South,485.3227845819131
967,22,2338.0,21.39166514580817,0,9,West,380.4516112857303
968,34,3688.0,12.733476618829375,0,7,East,828.6866628007022
969,47,1214.0,9.43688085368607,0,7,South,169.21087754714114
970,8,4646.0,2.4515362037322275,0,6,North,519.2660302376547
971,40,4354.0,10.605734509249483,0,2,East,1038.262664898628
972,49,4919.0,14.116144391734114,0,9,South,918.0835428978096
973,44,640.0,9.597240540903885,0,6,North,93.7419462652529
974,19,1463.0,7.471718200312796,0,8,North,232.80069105724178
975,42,872.0,7.137066680768408,0,1,West,81.83816230834354
976,41,4135.0,12.675707177276603,0,5,East,746.3670345476561
977,37,3041.0,13.796939696545786,0,12,North,366.17680219710957
978,6,4110.0,16.806050576605593,0,1,South,1022.05881576377
979,26,2192.0,5.0250005339482104,0,10,North,354.01035091350633
980,34,605.0,12.629887792088084,0,11,North,90.63792734154951
981,45,2181.0,9.391480227910664,0,14,West,378.3636794224447
982,6,4597.0,9.538828976833598,0,8,West,1161.0074686582163
983,37,4516.0,12.009129270170009,0,8,South,994.2296447913287
984,33,3136.0,12.038281268124736,0,1,West,449.03223725020445
985,22,2637.0,12.643840528957867,1,9,North,529.0747559591609
986,21,3916.0,4.71264403902095,0,2,North,733.4501750280925
987,6,4945.0,6.250942964167707,0,12,West,802.4345200137699
988,6,4030.0,17.42934137758842,0,9,North,326.3672503486493
989,48,1786.0,8.8971376625958,0,1,North,270.0721957561746
990,4,3679.0,11.530071990089482,0,12,South,362.76354850842984
991,30,4154.0,15.27333156021593,0,10,West,980.9345034911455
992,11,2859.0,12.317215361804093,0,14,North,335.5462513987998
993,30,944.0,12.732613154860196,0,14,West,237.30996402948153
994,31,535.0,14.472888396218783,0,9,South,83.85603590026206
995,24,1975.0,-0.5833188044850002,0,4,West,412.9699983685293
996,9,3565.6000000000004,7.5502492241973265,0,9,North,765.3188121754646
997,3,2298.0,12.343028982497959,0,7,West,165.8725538362921
998,31,2345.0,16.938221535288285,0,11,North,280.3959561734359
999,40,1908.0,10.330477798278865,0,6,North,127.95185832220432
